commit	val_bpb	size_bytes	size_ok	status	param_changes	description
2397c5b	1.29656339	15056094	yes	keep	baseline	baseline HEAD run with standard eval, no EMA, default 2000-step runner
88ae44b	0.00000000	0	n/a	crash	EVAL_STRIDE=64	sliding evaluation exceeded 15-minute total timeout before final metrics
3de950f	1.30088756	14950024	yes	discard	EMA_ENABLED=1	enable EMA by default; worse post-quant bpb despite slightly smaller artifact
9d098c5	0.00000000	0	n/a	crash	INT8_CLIP_PERCENTILE=99.999	run timed out under heavy machine contention before final metrics
2397c5b	1.21803700	15900224	yes	keep	baseline	full 20000-step baseline rerun on promoted HEAD with standard evaluation
2397c5b	1.70763809	15910096	yes	discard	TTT_ENABLE=1 TTT_SCOPE=document TTT_STEPS=1 TTT_PREFIX_TOKENS=128	document-scope self-learning rerun to verify real adaptation and post-quant gain
2397c5b	1.83743383	15901554	yes	discard	TTT_ENABLE=1 TTT_SCOPE=sequence TTT_STEPS=1 TTT_PREFIX_TOKENS=128	sequence-scope self-learning rerun to compare against document-scope adaptation
2397c5b	1.70855981	15901930	yes	discard	TTT_ENABLE=1 TTT_SCOPE=document TTT_STEPS=2 TTT_PREFIX_TOKENS=128	document-scope self-learning rerun with two online updates per adapted window
2397c5b	1.70814995	15901472	yes	discard	TTT_ENABLE=1 TTT_SCOPE=document TTT_LR=0.003 TTT_PREFIX_TOKENS=128	document-scope self-learning rerun with lower adaptation learning rate
2397c5b	1.70634470	15909750	yes	discard	TTT_ENABLE=1 TTT_SCOPE=document TTT_LR=0.03 TTT_PREFIX_TOKENS=128	document-scope self-learning rerun with higher adaptation learning rate
2397c5b	1.71203171	15905636	yes	discard	TTT_ENABLE=1 TTT_SCOPE=document TTT_PARAM_PATTERNS=attn_scale,mlp_scale,resid_mix,q_gain,skip_weight	document-scope self-learning rerun with a wider matched parameter set for adaptation
2397c5b	1.18390334	15903423	yes	keep	EVAL_STRIDE=64	baseline rerun with sliding evaluation stride 64 to assess standalone utility
2397c5b	1.21728762	15904076	yes	discard	EMA_ENABLED=1	baseline rerun with EMA enabled to test compatibility with the self-learning path
becf14a	1.21845211	15912416	yes	discard	INT8_CLIP_PERCENTILE=99.999	baseline rerun with a lower int8 clip percentile using a dedicated candidate branch
b8213cd	1.72277661	15910822	yes	discard	TTT_ENABLE=1 TTT_MODE=lora TTT_SCOPE=document TTT_LORA_RANK=8 TTT_CHUNK_SIZE=64	LoRA-style document-scope TTT candidate branch; adaptation activated but severely regressed post-quant performance
b8213cd	1.77722979	15917863	yes	discard	TTT_ENABLE=1 TTT_MODE=lora TTT_SCOPE=document TTT_LORA_RANK=8 TTT_CHUNK_SIZE=256 TTT_BATCH_SIZE=64	LoRA-style document-scope TTT with public-style chunking/batching cut optimizer steps sharply, but post-quant performance regressed further
b8213cd	1.81628458	15919540	yes	discard	TTT_ENABLE=1 TTT_MODE=lora TTT_SCOPE=document TTT_LORA_RANK=1 TTT_CHUNK_SIZE=256 TTT_BATCH_SIZE=64	LoRA-style document-scope TTT capacity sweep with rank-1 adapters; adaptation remained active but regressed further than the rank-8 chunk256 baseline
ce5d51f	1.86828015	15909996	yes	discard	TTT_PROTOCOL=score_first TTT_SCOPE=document TTT_LR=0.003 TTT_MOMENTUM=0.9 TTT_CHUNK_TOKENS=256 TTT_EPOCHS=1	first score-first chunked control-parameter TTT on the promoted baseline; adaptation was real but massively regressed bpb and made eval extremely slow
ce5d51f	1.87865378	15914942	yes	discard	TTT_PROTOCOL=score_first TTT_SCOPE=document TTT_LR=0.003 TTT_MOMENTUM=0.9 TTT_CHUNK_TOKENS=256 TTT_EPOCHS=0	score-first control-parameter protocol ablation with no updates; adapted_docs=0/update_steps=0 yet post-quant regressed further, showing the chunked evaluator itself is harmful
a179b1b	1.18401344	15912292	yes	discard	EVAL_STRIDE=64 TTT_ENABLE=1 TTT_PROTOCOL=score_first TTT_SCOPE=global TTT_EPOCHS=0 TTT_CHUNK_TOKENS=32768 TTT_LR=0.002 TTT_MOMENTUM=0.9	Global score-first no-update ablation on a stride64-preserving harness; stride stayed active and matched baseline timing, but post-quant bpb was worse by 0.00011 so the branch stays archived
a179b1b	0.00000000	0	n/a	crash	TTT_ENABLE=1 TTT_PROTOCOL=score_first TTT_SCOPE=global TTT_EPOCHS=3 TTT_LR=0.0015 TTT_MOMENTUM=0.9 TTT_CHUNK_TOKENS=32768 EVAL_STRIDE=64 GRAD_CLIP_NORM=1.0	First real global score-first adapting run on the stride64 candidate; completed 20000 training steps but crashed at the first TTT backward because inference-mode rotary cache tensors were reused in the grad-enabled path
4903b77	0.00000000	0	n/a	crash	TTT_ENABLE=1 TTT_PROTOCOL=score_first TTT_SCOPE=global TTT_EPOCHS=3 TTT_LR=0.0015 TTT_MOMENTUM=0.9 TTT_CHUNK_TOKENS=32768 EVAL_STRIDE=64 GRAD_CLIP_NORM=1.0	Re-run on the rotary-cache-fix candidate entered _adapt_ttt_chunk backward successfully, but was manually stopped after 10153s of final eval without post-quant metrics; adaptation is live and the current epochs=3 implementation is operationally too slow on Seeweb
4903b77	1.91513636	15913526	yes	discard	TTT_ENABLE=1 TTT_PROTOCOL=score_first TTT_SCOPE=global TTT_EPOCHS=1 TTT_LR=0.0015 TTT_MOMENTUM=0.9 TTT_CHUNK_TOKENS=32768 EVAL_STRIDE=64 GRAD_CLIP_NORM=1.0	Global score-first control-parameter TTT rerun on the rotary-cache-fix candidate with one adaptation epoch; the TTT path kept stride 64 active but post-quant bpb collapsed far below the matched epochs=0 harness
2eb44c9	1.18115800	15912213	yes	keep	EVAL_STRIDE=64 MLP_ACT=LeakyReLU(0.5)^2	Zero-byte training-side bridge on a fresh candidate branch: replaced relu^2 with LeakyReLU(0.5)^2, kept stride-64 sliding eval and TTT disabled, and beat the promoted baseline by 0.00274534 bpb
70932a1	1.18474112	15899018	yes	discard	EVAL_STRIDE=64 LN_SCALE=1	Isolated LN Scale bridge on top of the promoted LeakyReLU(0.5)^2 baseline; reduced artifact size but regressed both pre-quant and final post-quant bpb, so the candidate branch stays archived
343b911	1.17997170	15908404	yes	keep	EVAL_STRIDE=64 ROPE_DIMS=16	Isolated Partial RoPE bridge on top of the promoted LeakyReLU(0.5)^2 baseline; rotating only 16 of 64 dims per head improved both sliding pre-quant and final post-quant bpb, so the candidate earns promotion
9588e6f	2.04414684	15927945	yes	discard	TTT_ENABLE=1 TTT_PROTOCOL=score_first TTT_SCOPE=global TTT_EPOCHS=1 TTT_LR=0.002 TTT_MOMENTUM=0.9 TTT_CHUNK_TOKENS=32768 TTT_PARAM_PATTERNS=blocks.8. EVAL_STRIDE=64	Fresh candidate from the promoted Partial RoPE branch with the minimal global score-first harness; final-block broad-weight TTT activated heavily (adapted_chunks=1892, update_steps=968704) but catastrophically regressed final post-quant bpb
9588e6f	1.18043347	15918252	yes	discard	TTT_ENABLE=1 TTT_PROTOCOL=score_first TTT_SCOPE=global TTT_EPOCHS=0 TTT_LR=0.002 TTT_MOMENTUM=0.9 TTT_CHUNK_TOKENS=32768 TTT_PARAM_PATTERNS=blocks.8. EVAL_STRIDE=64	Matched no-update ablation on the final-block score-first harness; adapted_chunks=0 and update_steps=0 kept the protocol near the promoted stride64 baseline, so the catastrophic r23 collapse came mostly from adaptation rather than the harness alone
9588e6f	2.14470812	15920672	yes	discard	TTT_ENABLE=1 TTT_PROTOCOL=score_first TTT_SCOPE=global TTT_EPOCHS=1 TTT_LR=0.002 TTT_MOMENTUM=0.9 TTT_CHUNK_TOKENS=32768 TTT_PARAM_PATTERNS=blocks.8.attn. EVAL_STRIDE=64	Attention-only localization on the final-block score-first harness kept real adaptation alive (adapted_chunks=1892, update_steps=968704) but regressed even below the broad blocks.8 target while still requiring multi-hour eval, so the candidate branch remains archived
46c6f9d	2.10066147	15917810	yes	discard	TTT_ENABLE=1 TTT_PROTOCOL=score_first TTT_SCOPE=global TTT_EPOCHS=1 TTT_LR=0.002 TTT_MOMENTUM=0.9 TTT_CHUNK_TOKENS=32768 TTT_PARAM_PATTERNS=blocks.8.mlp. EVAL_STRIDE=64	MLP-only localization on a fresh score-first candidate kept real adaptation alive (adapted_chunks=1892, update_steps=968704) but still catastrophically regressed final post-quant bpb; it beat attention-only but stayed worse than the broader blocks.8 target, so the branch stays archived
9588e6f	2.04260494	15928018	yes	discard	TTT_ENABLE=1 TTT_PROTOCOL=score_first TTT_SCOPE=global TTT_EPOCHS=1 TTT_LR=0.002 TTT_MOMENTUM=0.9 TTT_CHUNK_TOKENS=32768 TTT_PARAM_PATTERNS=blocks.8. EVAL_STRIDE=64 GRAD_CLIP_NORM=1.0	Broad final-block score-first TTT rerun with gradient clipping 1.0; runtime output confirmed real adaptation (adapted_chunks=1892, update_steps=968704) and a tiny improvement versus the unclipped broad run, but final post-quant bpb stayed catastrophically above the no-update harness and the promoted baseline
343b911	1.17921743	15903880	yes	keep	EVAL_STRIDE=64 EMA_ENABLED=1	EMA retest on the promoted LeakyReLU(0.5)^2 + Partial RoPE substrate; sliding pre-quant moved to 1.1720 and final post-quant improved by 0.00075427 vs r22 without changing code bytes
a6fa3a5	1.18253047	15905190	yes	discard	EVAL_STRIDE=64 EMA_ENABLED=1 LN_SCALE=1	Retest LN Scale on the current Partial RoPE + EMA stride64 substrate; it improved over the old pre-EMA LN-scale run but stayed 0.00331304 bpb worse and 1310 bytes larger than the kept EMA-era baseline, so the candidate branch remains archived
343b911	1.17874483	15903749	yes	keep	EVAL_STRIDE=64 EMA_ENABLED=1 WARMDOWN_ITERS=2000	Warmdown bridge on the kept Partial RoPE + EMA stride64 substrate; extending the LR tail from 1200 to 2000 steps improved both pre-quant and final post-quant bpb while shaving 131 bytes, so this becomes the new non-TTT substrate
343b911	1.17814907	15902846	yes	keep	EVAL_STRIDE=64 EMA_ENABLED=1 WARMDOWN_ITERS=3500	Warmdown bridge follow-up on the kept Partial RoPE + EMA stride64 substrate; extending the LR tail to 3500 steps improved final post-quant bpb by 0.00059576 vs the warmdown-2000 keep while shrinking the artifact by 903 bytes, so this becomes the new non-TTT substrate
8aab5cb	1.17900858	15928182	yes	discard	score-first-global refresh + cosine chunk LR + rotary-cache fix; TTT_EPOCHS=0 TTT_PARAM_PATTERNS=blocks.8.mlp.proj. EVAL_STRIDE=64 EMA_ENABLED=1 WARMDOWN_ITERS=3500 GRAD_CLIP_NORM=1.0	Fresh no-update anchor on the promoted Warmdown3500+EMA substrate: score-first global preserved stride64 with adapted_chunks=0 and update_steps=0, beat the stale r24 anchor, but stayed 0.00085951 bpb and 25336 bytes worse than the promoted r31 baseline, so the candidate branch remains archived
8aab5cb	2.09906305	15930999	yes	discard	TTT_ENABLE=1 TTT_PROTOCOL=score_first TTT_SCOPE=global TTT_EPOCHS=1 TTT_LR=0.002 TTT_MOMENTUM=0.9 TTT_CHUNK_TOKENS=32768 TTT_PARAM_PATTERNS=blocks.8.mlp.proj. EVAL_STRIDE=64 EMA_ENABLED=1 WARMDOWN_ITERS=3500 GRAD_CLIP_NORM=1.0	First adapting localization on the cosine score-first harness targeting only blocks.8.mlp.proj.; runtime output confirmed real adaptation (adapted_chunks=1892, update_steps=968704, stride_active=1) but final post-quant bpb collapsed by 0.92005447 vs the matched no-update anchor, so the candidate branch stays archived
ce3d05b	2.12150686	15927300	yes	discard	TTT_ENABLE=1 TTT_PROTOCOL=score_first TTT_SCOPE=global TTT_EPOCHS=1 TTT_LR=0.002 TTT_MOMENTUM=0.9 TTT_CHUNK_TOKENS=32768 TTT_PARAM_PATTERNS=blocks.8.attn_scale,blocks.8.mlp_scale,blocks.8.resid_mix EVAL_STRIDE=64 EMA_ENABLED=1 WARMDOWN_ITERS=3500 GRAD_CLIP_NORM=1.0	Routing-only localization on the cosine score-first harness kept real adaptation active (adapted_chunks=1892, update_steps=968704, stride_active=1) but regressed even below the prior mlp.proj surface while requiring two ~10.2k s TTT eval passes, so the candidate branch stays archived
2a31623	2.11642883	15924130	yes	discard	TTT_ENABLE=1 TTT_PROTOCOL=score_first TTT_SCOPE=global TTT_EPOCHS=1 TTT_LR=0.002 TTT_MOMENTUM=0.9 TTT_CHUNK_TOKENS=32768 TTT_PARAM_PATTERNS=blocks.8.attn.proj. EVAL_STRIDE=64 EMA_ENABLED=1 WARMDOWN_ITERS=3500 GRAD_CLIP_NORM=1.0	Refreshed score-first candidate with persisted runtime summary, localized to blocks.8.attn.proj.; logs confirmed real adaptation twice (adapted_chunks=1892, update_steps=968704, stride_active=1) but final post-quant bpb collapsed by 0.93742025 vs the matched r32 anchor, so the candidate branch stays archived
2a31623	2.13327565	15925433	yes	discard	TTT_ENABLE=1 TTT_PROTOCOL=score_first TTT_SCOPE=global TTT_EPOCHS=1 TTT_LR=0.002 TTT_MOMENTUM=0.9 TTT_CHUNK_TOKENS=32768 TTT_PARAM_PATTERNS=blocks.8.attn.c_v. EVAL_STRIDE=64 EMA_ENABLED=1 WARMDOWN_ITERS=3500 GRAD_CLIP_NORM=1.0	Refreshed score-first candidate with persisted runtime summary, localized to blocks.8.attn.c_v.; logs confirmed real adaptation twice (adapted_chunks=1892, update_steps=968704, stride_active=1) but final post-quant bpb collapsed by 0.95426707 vs the matched r32 anchor, so the pure existing-weight sweep closes and the branch stays archived
3a4ce09	1.17712638	15932190	yes	keep	TTT_ENABLE=1 TTT_PROTOCOL=score_first TTT_SCOPE=global TTT_EPOCHS=0 TTT_LR=0.002 TTT_MOMENTUM=0.9 TTT_CHUNK_TOKENS=32768 TTT_CV_CARRIER_RANK=4 TTT_PARAM_PATTERNS=blocks.8.attn.c_v_carrier. EVAL_STRIDE=64 EMA_ENABLED=1 WARMDOWN_ITERS=3500 GRAD_CLIP_NORM=1.0	Tiny zero-init fast-weight carrier on blocks.8.attn.c_v. with the persisted score-first harness; no-update eval kept adapted_chunks=0 and update_steps=0, beat r32 by 0.00188220 bpb and r31 by 0.00102269 under the size limit, so the carrier branch earns promotion
3a4ce09	2.13753050	15929019	yes	discard	TTT_ENABLE=1 TTT_PROTOCOL=score_first TTT_SCOPE=global TTT_EPOCHS=1 TTT_LR=0.002 TTT_MOMENTUM=0.9 TTT_CHUNK_TOKENS=32768 TTT_CV_CARRIER_RANK=4 TTT_PARAM_PATTERNS=blocks.8.attn.c_v_carrier. EVAL_STRIDE=64 EMA_ENABLED=1 WARMDOWN_ITERS=3500 GRAD_CLIP_NORM=1.0	First adapting run on the promoted c_v carrier; logs confirmed real score-first adaptation twice (adapted_chunks=1892, update_steps=968704, stride_active=1) but final post-quant bpb collapsed by 0.96040412 vs the matched r37 anchor and even trailed the archived existing-weight sweeps, so the carrier adaptation line is discarded and the next bridge should pivot to WARMDOWN_ITERS=4000
3a4ce09	1.17787825	15926057	yes	discard	TTT_ENABLE=1 TTT_PROTOCOL=score_first TTT_SCOPE=global TTT_EPOCHS=0 TTT_LR=0.002 TTT_MOMENTUM=0.9 TTT_CHUNK_TOKENS=32768 TTT_CV_CARRIER_RANK=4 TTT_PARAM_PATTERNS=blocks.8.attn.c_v_carrier. EVAL_STRIDE=64 EMA_ENABLED=1 WARMDOWN_ITERS=4000 GRAD_CLIP_NORM=1.0	Zero-byte bridge retest on the promoted c_v carrier harness; score-first no-update stayed live (adapted_chunks=0, update_steps=0, stride_active=1) and shaved 6133 bytes, but final post-quant bpb regressed by 0.00075187 vs r37, so WARMDOWN_ITERS=4000 is archived and the next shortlist should return to carrier-stability probes
3a4ce09	2.13605555	15934923	yes	discard	TTT_ENABLE=1 TTT_PROTOCOL=score_first TTT_SCOPE=global TTT_EPOCHS=1 TTT_LR=0.001 TTT_MOMENTUM=0.9 TTT_CHUNK_TOKENS=32768 TTT_CV_CARRIER_RANK=4 TTT_PARAM_PATTERNS=blocks.8.attn.c_v_carrier. EVAL_STRIDE=64 EMA_ENABLED=1 WARMDOWN_ITERS=3500 GRAD_CLIP_NORM=1.0	Lower-LR carrier stabilizer on the promoted score-first harness; logs again confirmed real adaptation twice (adapted_chunks=1892, update_steps=968704, stride_active=1) and recovered only 0.00147495 bpb vs r38 while still finishing 0.95892917 bpb worse than the matched r37 anchor, so pure LR reduction does not rescue carrier forgetting
3a4ce09	1.17878298	15941322	yes	discard	TTT_ENABLE=1 TTT_PROTOCOL=score_first TTT_SCOPE=global TTT_EPOCHS=0 TTT_LR=0.002 TTT_MOMENTUM=0.9 TTT_CHUNK_TOKENS=32768 TTT_CV_CARRIER_RANK=2 TTT_PARAM_PATTERNS=blocks.8.attn.c_v_carrier. EVAL_STRIDE=64 EMA_ENABLED=1 WARMDOWN_ITERS=3500 GRAD_CLIP_NORM=1.0	Rank-2 c_v carrier matched anchor on a fresh candidate branch; logs kept the score-first harness live with adapted_chunks=0, update_steps=0, and stride_active=1, but final post-quant bpb regressed by 0.00165660 vs r37 while using 9132 more bytes, so the branch stays archived even though the drift is small enough to keep one matched adapting rank-2 follow-up on the shortlist
3a4ce09	2.15885029	15935450	yes	discard	TTT_ENABLE=1 TTT_PROTOCOL=score_first TTT_SCOPE=global TTT_EPOCHS=1 TTT_LR=0.001 TTT_MOMENTUM=0.9 TTT_CHUNK_TOKENS=32768 TTT_CV_CARRIER_RANK=2 TTT_PARAM_PATTERNS=blocks.8.attn.c_v_carrier. EVAL_STRIDE=64 EMA_ENABLED=1 WARMDOWN_ITERS=3500 GRAD_CLIP_NORM=1.0	Matched adapting follow-up on the archived rank-2 c_v carrier anchor; logs confirmed real score-first adaptation twice (matched_params=1536, adapted_chunks=1892, update_steps=968704, stride_active=1), but final post-quant val_bpb collapsed to 2.15885029 at 15935450 bytes, which is 0.98172391 worse than r37 and 0.02279474 worse than the lower-LR rank-4 carrier run, so direct carrier TTT is paused in favor of substrate work.
9689d36	1.17685468	15937725	yes	keep	code: per-row int8 clip search; EVAL_STRIDE=64 EMA_ENABLED=1 WARMDOWN_ITERS=3500 TTT_ENABLE=0	GPTQ-lite-style per-row int8 clip-search candidate on the promoted EMA+warmdown3500 stride64 substrate with TTT disabled; the search beat the old default clip on 27590/28672 rows, improved final post-quant bpb by 0.00129439 vs r31 and 0.00027170 vs r37, and stayed valid at 15937725 bytes, so the branch earns promotion.
9689d36	1.17719201	15936229	yes	keep	TTT_ENABLE=1 TTT_PROTOCOL=score_first TTT_SCOPE=global TTT_EPOCHS=0 TTT_LR=0.002 TTT_MOMENTUM=0.9 TTT_CHUNK_TOKENS=32768 TTT_CV_CARRIER_RANK=4 TTT_PARAM_PATTERNS=blocks.8.attn.c_v_carrier. EVAL_STRIDE=64 EMA_ENABLED=1 WARMDOWN_ITERS=3500 GRAD_CLIP_NORM=1.0	Matched no-update carrier anchor on the promoted GPTQ-lite row-clip substrate; logs kept adapted_chunks=0, update_steps=0, and stride_active=1, and final post-quant val_bpb finished 0.00033733 worse than the new non-TTT keep r43 but only 0.00006563 worse than r37 while using 1496 fewer bytes than r43, so this passes the post-bridge anchor gate and becomes the reference for the next adapting stabilizer run.
9689d36	0.00000000	0	n/a	crash	TTT_ENABLE=1 TTT_PROTOCOL=score_first TTT_SCOPE=global TTT_EPOCHS=1 TTT_LR=0.002 TTT_MOMENTUM=0.0 TTT_CHUNK_TOKENS=32768 TTT_CV_CARRIER_RANK=4 TTT_PARAM_PATTERNS=blocks.8.attn.c_v_carrier. EVAL_STRIDE=64 EMA_ENABLED=1 WARMDOWN_ITERS=3500 GRAD_CLIP_NORM=1.0	Matched adapting follow-up on the promoted GPTQ-lite row-clip substrate with zero TTT momentum; training reached step 20000 but the persisted log stopped before any pre-quant or final post-quant eval lines, so the run is archived as an incomplete crash with no valid adaptation evidence or final metric.
9689d36	2.15711753	15940694	yes	discard	TTT_ENABLE=1 TTT_PROTOCOL=score_first TTT_SCOPE=global TTT_EPOCHS=1 TTT_LR=0.002 TTT_MOMENTUM=0.0 TTT_CHUNK_TOKENS=32768 TTT_CV_CARRIER_RANK=4 TTT_PARAM_PATTERNS=blocks.8.attn.c_v_carrier. EVAL_STRIDE=64 EMA_ENABLED=1 WARMDOWN_ITERS=3500 GRAD_CLIP_NORM=1.0	Clean rerun of the post-bridge zero-momentum carrier stabilizer on the promoted GPTQ-lite row-clip substrate; logs now fully persist real legal adaptation twice (adapted_chunks=1892, update_steps=968704, stride_active=1), artifact size stays valid at 15940694 bytes, but final post-quant val_bpb collapses to 2.15711753, which is 0.97992552 worse than r44 and 0.01958703 worse than r38, so zero TTT momentum closes as a valid discard and pure carrier momentum stabilizers are retired.
ed4be84	1.17673157	15931124	yes	keep	code: optional deepest-layer XSA-lite bridge; XSA_LAST_N=3 EVAL_STRIDE=64 EMA_ENABLED=1 WARMDOWN_ITERS=3500 TTT_ENABLE=0	Minimal deepest-3 XSA-lite bridge on the promoted GPTQ-lite row-clip substrate with TTT disabled; training throughput stayed neutral, sliding pre-quant moved to 1.1695, final post-quant val_bpb improved by 0.00012311 vs r43 and 0.00046044 vs r44 at 15931124 bytes, so the branch earns promotion and the next required run is the matched score-first no-update anchor on the new substrate.
ed4be84	1.17697198	15942317	yes	keep	TTT_ENABLE=1 TTT_PROTOCOL=score_first TTT_SCOPE=global TTT_EPOCHS=0 TTT_LR=0.002 TTT_MOMENTUM=0.9 TTT_CHUNK_TOKENS=32768 TTT_CV_CARRIER_RANK=4 TTT_PARAM_PATTERNS=blocks.8.attn.c_v_carrier. XSA_LAST_N=3 EVAL_STRIDE=64 EMA_ENABLED=1 WARMDOWN_ITERS=3500 GRAD_CLIP_NORM=1.0	Matched score-first no-update anchor on the promoted XSA-last3 substrate; logs persist adapted_chunks=0, update_steps=0, and stride_active=1, and final post-quant val_bpb lands only 0.00024041 worse than r46 while staying valid at 15942317 bytes, so this becomes the authoritative no-update reference before the first adapting run on ed4be84.
ed4be84	2.16970838	15935764	yes	discard	TTT_ENABLE=1 TTT_PROTOCOL=score_first TTT_SCOPE=global TTT_EPOCHS=1 TTT_LR=0.002 TTT_MOMENTUM=0.9 TTT_CHUNK_TOKENS=32768 TTT_CV_CARRIER_RANK=4 TTT_PARAM_PATTERNS=blocks.8.attn.c_v_carrier. XSA_LAST_N=3 EVAL_STRIDE=64 EMA_ENABLED=1 WARMDOWN_ITERS=3500 GRAD_CLIP_NORM=1.0	First adapting carrier score-first probe on the promoted XSA-last3 substrate; logs persist real legal adaptation twice (adapted_chunks=1892, update_steps=968704, stride_active=1) and the artifact stays valid at 15935764 bytes, but final post-quant val_bpb collapses to 2.16970838, which is 0.99273640 worse than the matched r47 anchor, 0.99297681 worse than the plain r46 keep, and 0.01259085 worse than the pre-XSA zero-momentum discard r45, so XSA-last3 does not rescue the carrier path and this line is discarded.
ed4be84	1.17905724	15947552	yes	discard	TTT_ENABLE=1 TTT_PROTOCOL=score_first TTT_SCOPE=global TTT_EPOCHS=0 TTT_LR=0.002 TTT_MOMENTUM=0.9 TTT_CHUNK_TOKENS=32768 TTT_CV_CARRIER_RANK=0 TTT_PARAM_PATTERNS=blocks.8.attn_scale,blocks.8.mlp_scale,blocks.8.resid_mix XSA_LAST_N=3 EVAL_STRIDE=64 EMA_ENABLED=1 WARMDOWN_ITERS=3500 GRAD_CLIP_NORM=1.0	Matched no-update score-first anchor on the promoted XSA-last3 substrate with a smaller existing-control write surface and no carrier; logs persist adapted_chunks=0, update_steps=0, and stride_active=1, but final post-quant val_bpb lands 0.00208526 worse than r47 and 0.00232567 worse than r46 at 15947552 bytes, so this exact scales+mix harness fails the near-baseline gate and is closed without a matched adapting run.
ed4be84	1.17594018	15927044	yes	keep	XSA_LAST_N=4 EVAL_STRIDE=64 EMA_ENABLED=1 WARMDOWN_ITERS=3500 TTT_ENABLE=0	Plain deeper-context bridge on a fresh candidate branch: extending XSA from the last 3 layers to the last 4 on the promoted ed4be84 substrate improved sliding pre-quant val_bpb to 1.1686 and final post-quant val_bpb to 1.17594018 at 15927044 bytes, beating r46 by 0.00079139 and r47 by 0.00103180 with no code changes required, so this becomes the new plain reference before rebuilding the smallest no-update TTT anchor.
ed4be84	1.17630787	15948610	yes	keep	TTT_ENABLE=1 TTT_PROTOCOL=score_first TTT_SCOPE=global TTT_EPOCHS=0 TTT_LR=0.002 TTT_MOMENTUM=0.9 TTT_CHUNK_TOKENS=32768 TTT_CV_CARRIER_RANK=0 TTT_PARAM_PATTERNS=blocks.8.attn_scale,blocks.8.mlp_scale XSA_LAST_N=4 EVAL_STRIDE=64 EMA_ENABLED=1 WARMDOWN_ITERS=3500 GRAD_CLIP_NORM=1.0	Matched no-update score-first anchor on the promoted XSA-last4 substrate with resid_mix dropped from the write surface; logs persist adapted_chunks=0, update_steps=0, and stride_active=1, and final post-quant val_bpb lands only 0.00036769 worse than the plain r56 keep while improving 0.00274937 over r55 at 15948610 bytes, so this becomes the authoritative no-update reference before the first adapting run on the smaller XSA-last4 surface.
ed4be84	2.11475299	15951830	yes	discard	TTT_ENABLE=1 TTT_PROTOCOL=score_first TTT_SCOPE=global TTT_EPOCHS=1 TTT_LR=0.002 TTT_MOMENTUM=0.9 TTT_CHUNK_TOKENS=32768 TTT_CV_CARRIER_RANK=0 TTT_PARAM_PATTERNS=blocks.8.attn_scale,blocks.8.mlp_scale XSA_LAST_N=4 EVAL_STRIDE=64 EMA_ENABLED=1 WARMDOWN_ITERS=3500 GRAD_CLIP_NORM=1.0	First adapting score-first probe on the XSA-last4 minimal existing-control surface; logs persist real legal adaptation twice (adapted_chunks=1892, update_steps=968704, stride_active=1) and the artifact stays valid at 15951830 bytes, but pre-quant already collapses to 2.1064 and final post-quant to 2.11475299, which is 0.93844512 worse than r57 and 0.93881281 worse than plain r56, so dropping resid_mix and keeping only attn_scale+mlp_scale does not rescue TTT and this line is discarded.
cf8313d	1.17673423	15931333	yes	discard	code: late int8 QAT bridge; LATE_QAT_THRESHOLD=0.15 XSA_LAST_N=4 EVAL_STRIDE=64 EMA_ENABLED=1 WARMDOWN_ITERS=3500 TTT_ENABLE=0	Activation-proven late-QAT bridge on the promoted XSA-last4 plain substrate; logs persisted late_qat:enabled at step 19476, size stayed valid at 15931333 bytes, but pre-quant drifted to 1.1695 and final post-quant val_bpb regressed by 0.00079405 vs r56, so the candidate branch stays archived and the next plain bridge should pivot to VE or a more targeted QAT surface.
88ee64c	1.17604014	15992214	yes	discard	code: optional VE bridge; VE_ENABLED=1 VE_DIM=24 VE_LAYERS=7,8 XSA_LAST_N=4 EVAL_STRIDE=64 EMA_ENABLED=1 WARMDOWN_ITERS=3500 TTT_ENABLE=0	Byte-aware minimal VE bridge on the promoted XSA-last4 substrate; pre-quant matched r56 at 1.1686, but final post-quant landed 0.00009996 worse at 1.17604014 with only 7786 bytes of headroom, so the candidate branch stays archived.
ed4be84	1.17457691	15927210	yes	keep	XSA_LAST_N=9 EVAL_STRIDE=64 EMA_ENABLED=1 WARMDOWN_ITERS=3500 TTT_ENABLE=0	Plain all-layer XSA probe on the promoted XSA-last4 substrate; logs confirm xsa:last_n:9 across all 9 layers, sliding pre-quant improved to 1.1666, and final post-quant val_bpb landed at 1.17457691 with only 166 extra bytes versus r56, so this becomes the new plain reference and earns a matched no-update score-first anchor next.
ed4be84	1.17372532	15931956	yes	keep	TTT_ENABLE=1 TTT_PROTOCOL=score_first TTT_SCOPE=global TTT_EPOCHS=0 TTT_LR=0.002 TTT_MOMENTUM=0.9 TTT_CHUNK_TOKENS=32768 TTT_CV_CARRIER_RANK=0 TTT_PARAM_PATTERNS=blocks.8.attn_scale,blocks.8.mlp_scale XSA_LAST_N=9 EVAL_STRIDE=64 EMA_ENABLED=1 WARMDOWN_ITERS=3500	Matched no-update score-first anchor on the promoted all-layer XSA substrate; logs persist adapted_chunks=0, update_steps=0, and stride_active=1, and final post-quant val_bpb lands at 1.17372532, improving 0.00085159 over plain r61 while staying valid at 15931956 bytes, so this becomes the new authoritative no-update reference before the matched adapting run.
ed4be84	2.10588407	15944384	yes	discard	TTT_ENABLE=1 TTT_PROTOCOL=score_first TTT_SCOPE=global TTT_EPOCHS=1 TTT_LR=0.002 TTT_MOMENTUM=0.9 TTT_CHUNK_TOKENS=32768 TTT_CV_CARRIER_RANK=0 TTT_PARAM_PATTERNS=blocks.8.attn_scale,blocks.8.mlp_scale XSA_LAST_N=9 EVAL_STRIDE=64 EMA_ENABLED=1 WARMDOWN_ITERS=3500 GRAD_CLIP_NORM=1.0	Matched adapting score-first probe on the promoted all-layer XSA substrate; logs confirmed real legal adaptation (adapted_chunks=1892, update_steps=968704, stride_active=1), artifact stayed valid at 15944384 bytes, but final post-quant val_bpb regressed by 0.93215875 vs the matched r62 anchor and 0.93130716 vs the plain r61 keep, so the exact write surface is discarded.
ed4be84	1.17366108	15926537	yes	keep	TTT_ENABLE=1 TTT_PROTOCOL=score_first TTT_SCOPE=global TTT_EPOCHS=0 TTT_LR=0.002 TTT_MOMENTUM=0.9 TTT_CHUNK_TOKENS=32768 TTT_CV_CARRIER_RANK=0 TTT_PARAM_PATTERNS=blocks.8.attn_scale XSA_LAST_N=9 EVAL_STRIDE=64 EMA_ENABLED=1 WARMDOWN_ITERS=3500	Narrowed single-surface no-update anchor on the promoted all-layer XSA substrate; logs persist adapted_chunks=0, update_steps=0, and stride_active=1, and final post-quant val_bpb lands at 1.17366108, improving 0.00006424 over r62 and 0.00091583 over plain r61 while shrinking the artifact by 5419 bytes versus r62, so this becomes the new authoritative no-update reference before the matched adapting attn_scale probe.
ed4be84	2.17269720	15952245	yes	discard	TTT_ENABLE=1 TTT_PROTOCOL=score_first TTT_SCOPE=global TTT_EPOCHS=1 TTT_LR=0.002 TTT_MOMENTUM=0.9 TTT_CHUNK_TOKENS=32768 TTT_CV_CARRIER_RANK=0 TTT_PARAM_PATTERNS=blocks.8.attn_scale XSA_LAST_N=9 EVAL_STRIDE=64 EMA_ENABLED=1 WARMDOWN_ITERS=3500 GRAD_CLIP_NORM=1.0	Matched adapting single-surface attn_scale probe on the promoted all-layer XSA substrate; logs confirmed real legal adaptation twice (adapted_chunks=1892, update_steps=968704, stride_active=1), artifact stayed valid at 15952245 bytes, but final post-quant val_bpb regressed by 0.99903612 vs the matched r64 anchor, 0.99812029 vs the plain r61 keep, and 0.06681313 vs the broader-surface adapting discard r63, so narrowing to blocks.8.attn_scale alone does not rescue existing-control TTT and this line is discarded.
ed4be84	1.17456530	15935380	yes	keep	TTT_ENABLE=1 TTT_PROTOCOL=score_first TTT_SCOPE=global TTT_EPOCHS=0 TTT_LR=0.002 TTT_MOMENTUM=0.9 TTT_CHUNK_TOKENS=32768 TTT_CV_CARRIER_RANK=0 TTT_PARAM_PATTERNS=blocks.8.mlp_scale XSA_LAST_N=9 EVAL_STRIDE=64 EMA_ENABLED=1 WARMDOWN_ITERS=3500	Alternate single-surface no-update anchor on the promoted all-layer XSA substrate; logs persist adapted_chunks=0, update_steps=0, and stride_active=1, and final post-quant val_bpb lands at 1.17456530. That is 0.00090422 worse than r64 but 0.00001161 better than plain r61 at 15935380 bytes, so the mlp_scale harness stays near-baseline and earns the matched adapting probe next cycle while r64 remains the overall best local reference.
ed4be84	2.11810269	15949150	yes	discard	TTT_ENABLE=1 TTT_PROTOCOL=score_first TTT_SCOPE=global TTT_EPOCHS=1 TTT_LR=0.002 TTT_MOMENTUM=0.9 TTT_CHUNK_TOKENS=32768 TTT_CV_CARRIER_RANK=0 TTT_PARAM_PATTERNS=blocks.8.mlp_scale XSA_LAST_N=9 EVAL_STRIDE=64 EMA_ENABLED=1 WARMDOWN_ITERS=3500 GRAD_CLIP_NORM=1.0	Matched adapting single-surface mlp_scale probe on the promoted all-layer XSA substrate; logs confirm real legal adaptation (adapted_chunks=1892, update_steps=968704, stride_active=1) and a valid 15949150-byte artifact, but pre-quant already collapses to 2.1055 and final post-quant lands at 2.11810269, which is 0.94353739 worse than the matched r66 anchor and 0.94444161 worse than best r64. It is 0.05459451 better than the narrower attn_scale failure r65 but still 0.01221862 worse than the broader r63 failure, so existing-control mlp_scale adaptation is also closed and future TTT work should move to a dedicated low-byte adaptive surface instead of another core-block rewrite.
ed4be84	1.17464072	15948132	yes	keep	TTT_ENABLE=1 TTT_PROTOCOL=score_first TTT_SCOPE=global TTT_EPOCHS=0 TTT_LR=0.002 TTT_MOMENTUM=0.9 TTT_CHUNK_TOKENS=32768 TTT_CV_CARRIER_RANK=2 TTT_PARAM_PATTERNS=blocks.8.attn.c_v_carrier. XSA_LAST_N=9 EVAL_STRIDE=64 EMA_ENABLED=1 WARMDOWN_ITERS=3500	Fresh rank-2 FastWeightCarrier no-update anchor on the promoted all-layer XSA substrate; logs confirm matched_params=1536 with adapted_chunks=0, update_steps=0, and stride_active=1, and final post-quant val_bpb lands at 1.17464072, which is 0.00097964 worse than best r64 but 0.00233126 better than the older XSA-last3 carrier anchor r47, so the dedicated carrier surface now passes the near-baseline gate and earns the matched adapting probe next cycle.
ed4be84	2.12305747	15949909	yes	discard	TTT_ENABLE=1 TTT_PROTOCOL=score_first TTT_SCOPE=global TTT_EPOCHS=1 TTT_LR=0.001 TTT_MOMENTUM=0.9 TTT_CHUNK_TOKENS=32768 TTT_CV_CARRIER_RANK=2 TTT_PARAM_PATTERNS=blocks.8.attn.c_v_carrier. XSA_LAST_N=9 EVAL_STRIDE=64 EMA_ENABLED=1 WARMDOWN_ITERS=3500	Matched adapting rank-2 FastWeightCarrier probe on the promoted all-layer XSA substrate with lower LR; logs confirm real legal adaptation twice (matched_params=1536, adapted_chunks=1892, update_steps=968704, stride_active=1) and a valid 15949909-byte artifact, but pre-quant already collapses to 2.1191 and final post-quant lands at 2.12305747, which is 0.94841675 worse than the matched r68 anchor and 0.94939639 worse than best r64, so the exact rank-2 plain-SGD carrier line closes and the next env-only rescue, if any, should be a rank-1 anchor rather than another rank-2 adapting rerun.
ed4be84	1.17495154	15946190	yes	keep	TTT_ENABLE=1 TTT_PROTOCOL=score_first TTT_SCOPE=global TTT_EPOCHS=0 TTT_LR=0.001 TTT_MOMENTUM=0.9 TTT_CHUNK_TOKENS=32768 TTT_CV_CARRIER_RANK=1 TTT_PARAM_PATTERNS=blocks.8.attn.c_v_carrier. XSA_LAST_N=9 EVAL_STRIDE=64 EMA_ENABLED=1 WARMDOWN_ITERS=3500	Rank-1 FastWeightCarrier no-update rescue anchor on the promoted all-layer XSA substrate with lower LR; logs confirm matched_params=768 with adapted_chunks=0, update_steps=0, and stride_active=1, and final post-quant val_bpb lands at 1.17495154. That is 0.00129046 worse than best r64, 0.00031082 worse than the rank-2 anchor r68, and 0.00037463 worse than plain r61, but it stays within the 0.0015 near-baseline gate at 15946190 bytes with 53810 bytes of headroom, so this becomes the matched rank-1 no-update reference for one final adapting rescue while promoted ed4be84 remains unchanged.
ed4be84	2.11417331	15944673	yes	discard	TTT_ENABLE=1 TTT_PROTOCOL=score_first TTT_SCOPE=global TTT_EPOCHS=1 TTT_LR=0.001 TTT_MOMENTUM=0.9 TTT_CHUNK_TOKENS=32768 TTT_CV_CARRIER_RANK=1 TTT_PARAM_PATTERNS=blocks.8.attn.c_v_carrier. XSA_LAST_N=9 EVAL_STRIDE=64 EMA_ENABLED=1 WARMDOWN_ITERS=3500 GRAD_CLIP_NORM=1.0	Matched adapting rank-1 FastWeightCarrier rescue probe on the promoted all-layer XSA substrate with lower LR; logs confirm real legal adaptation twice (matched_params=768, adapted_chunks=1892, update_steps=968704, stride_active=1) and a valid 15944673-byte artifact, but pre-quant already collapses to 2.1010 and final post-quant lands at 2.11417331, which is 0.93922177 worse than the matched r70 anchor, 0.94051223 worse than best r64, and 0.00888416 better than the rank-2 failure r69, so the last env-only plain-SGD carrier rescue also closes and the next cycle should pivot to a code-changing TTT optimizer or surface rewrite rather than another carrier rank or LR sweep.
d4f1bc7	2.25739178	15942837	yes	discard	code: bounded Muon TTT optimizer; TTT_ENABLE=1 TTT_PROTOCOL=score_first TTT_SCOPE=global TTT_EPOCHS=1 TTT_LR=0.00025 TTT_MOMENTUM=0.9 TTT_OPTIMIZER=muon TTT_MUON_BACKEND_STEPS=5 TTT_DELTA_BUDGET_RATIO=0.1 TTT_CHUNK_TOKENS=32768 TTT_CV_CARRIER_RANK=1 TTT_PARAM_PATTERNS=blocks.8.attn.c_v_carrier. XSA_LAST_N=9 EVAL_STRIDE=64 EMA_ENABLED=1 WARMDOWN_ITERS=3500 GRAD_CLIP_NORM=1.0	Candidate branch replacing plain-SGD TTT with bounded Muon on the rank-1 FastWeightCarrier surface; logs confirm legal adaptation twice (adapted_chunks=1892, update_steps=968704, stride_active=1) and a valid 15942837-byte artifact, but pre-quant regresses to 2.2423 and final post-quant lands at 2.25739178, which is 0.14321847 worse than r71, 1.08244024 worse than the matched r70 anchor, and 1.08373070 worse than best r64 while also stretching each score-first eval past 11.66M ms, so the branch stays archived and the next optimizer rewrite should pivot away from exact Muon-on-carrier updates.
5430230	1.17553922	15943958	yes	anchor	code: reset optimizer state per score-first chunk; TTT_ENABLE=1 TTT_PROTOCOL=score_first TTT_SCOPE=global TTT_EPOCHS=0 TTT_LR=0.001 TTT_MOMENTUM=0.9 TTT_RESET_OPT_STATE_PER_CHUNK=1 TTT_CHUNK_TOKENS=32768 TTT_CV_CARRIER_RANK=1 TTT_PARAM_PATTERNS=blocks.8.attn.c_v_carrier. XSA_LAST_N=9 EVAL_STRIDE=64 EMA_ENABLED=1 WARMDOWN_ITERS=3500	Candidate branch gating a banked-momentum-style carrier path by resetting TTT optimizer state before each score-first chunk while keeping the rank-1 FastWeightCarrier surface. Logs persist reset_opt_state_per_chunk=1 together with matched_params=768, adapted_chunks=0, update_steps=0, and stride_active=1, and the final post-quant val_bpb lands at 1.17553922 with a valid 15943958-byte artifact. That is 0.00058768 worse than the matched r70 anchor and 0.00187814 worse than best r64, but it shrinks the artifact by 2232 bytes versus r70 and stays near-baseline, so the branch earns one matched adapting run next cycle while promoted ed4be84 remains unchanged.
5430230	2.23678186	15937900	yes	discard	code: reset optimizer state per score-first chunk; TTT_ENABLE=1 TTT_PROTOCOL=score_first TTT_SCOPE=global TTT_EPOCHS=1 TTT_LR=0.001 TTT_MOMENTUM=0.9 TTT_RESET_OPT_STATE_PER_CHUNK=1 TTT_CHUNK_TOKENS=32768 TTT_CV_CARRIER_RANK=1 TTT_PARAM_PATTERNS=blocks.8.attn.c_v_carrier. XSA_LAST_N=9 EVAL_STRIDE=64 EMA_ENABLED=1 WARMDOWN_ITERS=3500 GRAD_CLIP_NORM=1.0	Candidate branch keeping the chunk-reset score-first carrier rewrite and turning matched adaptation back on; logs confirm real legal adaptation twice with matched_params=768, adapted_chunks=1892, update_steps=968704, stride_active=1, reset_opt_state_per_chunk=1, and xsa:last_n:9, and the artifact stays valid at 15937900 bytes. Pre-quant already collapses to 2.2190 and final post-quant lands at 2.23678186, which is 1.06124264 worse than the matched r73 anchor, 1.06312078 worse than best r64, and 0.12260855 worse than the plain-SGD rank-1 failure r71 while only 0.02060992 better than bounded Muon r72, so the exact reset-only carrier rewrite is closed and the branch stays archived.
9c30c99	1.17679366	15947144	yes	anchor	code: banked TTT optimizer state carry; TTT_ENABLE=1 TTT_PROTOCOL=score_first TTT_SCOPE=global TTT_EPOCHS=0 TTT_LR=0.001 TTT_MOMENTUM=0.9 TTT_OPT_STATE_BANKS=8 TTT_CHUNK_TOKENS=32768 TTT_CV_CARRIER_RANK=1 TTT_PARAM_PATTERNS=blocks.8.attn.c_v_carrier. XSA_LAST_N=9 EVAL_STRIDE=64 EMA_ENABLED=1 WARMDOWN_ITERS=3500 GRAD_CLIP_NORM=1.0	Candidate branch replacing single-stream carrier momentum with banked score-first optimizer state carry on the rank-1 FastWeightCarrier surface. Logs confirm the no-update gate stayed legal with matched_params=768, adapted_chunks=0, update_steps=0, stride_active=1, opt_state_banks=8, state_carry:banked, and xsa:last_n:9, and the artifact stays valid at 15947144 bytes. Final post-quant val_bpb lands at 1.17679366, which is 0.00125444 worse than the chunk-reset anchor r73, 0.00184212 worse than the plain rank-1 anchor r70, and 0.00313258 worse than best r64, so the exact state-banked carry rewrite fails the no-update gate and does not earn a matched adapting run; the branch stays archived.
f8005bc	1.17394549	15960289	yes	anchor	code: optional value-embedding bridge; VE_ENABLED=1 VE_DIM=12 VE_LAYERS=8 TTT_ENABLE=1 TTT_PROTOCOL=score_first TTT_SCOPE=global TTT_EPOCHS=0 TTT_LR=0.002 TTT_MOMENTUM=0.9 TTT_CHUNK_TOKENS=32768 TTT_PARAM_PATTERNS=ve_shared.scale,ve_layer_scales XSA_LAST_N=9 EVAL_STRIDE=64 EMA_ENABLED=1 WARMDOWN_ITERS=3500	Minimal VE scale-only no-update anchor on a fresh candidate branch; logs confirm ve:enabled=True dim:12 active_layers:[8], matched_params=2, adapted_chunks=0, update_steps=0, and stride_active=1. Final post-quant val_bpb lands at 1.17394549 with a valid 15960289-byte artifact, which is 0.00028441 worse than best r64 but 0.00063142 better than plain r61 and 0.00209465 better than the older VE bridge r60, so the branch stays unmerged for now and earns one matched adapting VE-scales-only follow-up next cycle.
f8005bc	2.11311309	15976965	yes	discard	code: optional value-embedding bridge; VE_ENABLED=1 VE_DIM=12 VE_LAYERS=8 TTT_ENABLE=1 TTT_PROTOCOL=score_first TTT_SCOPE=global TTT_EPOCHS=1 TTT_LR=0.002 TTT_MOMENTUM=0.9 TTT_CHUNK_TOKENS=32768 TTT_PARAM_PATTERNS=ve_shared.scale,ve_layer_scales XSA_LAST_N=9 EVAL_STRIDE=64 EMA_ENABLED=1 WARMDOWN_ITERS=3500 GRAD_CLIP_NORM=1.0	Matched adapting VE scale-only follow-up on `candidate/mar27/ve-scales-l8-d12`; logs confirm ve:enabled=True dim:12 active_layers:[8], matched_params=2, adapted_chunks=1892, update_steps=968704, and stride_active=1. Pre-quant already collapses to 2.1050 and the final post-quant roundtrip lands at 2.11311309 with a still-valid 15976965-byte artifact, which is 0.93916760 worse than matched r76 and 0.93945201 worse than best r64, so the exact VE12 scale-only score-first adapting line closes and the branch stays archived pending a material VE surface or update-rule rewrite.
356fc32	1.17353119	15967622	yes	promote	code: VE local-only layer scales; VE_ENABLED=1 VE_DIM=12 VE_LAYERS=8 TTT_ENABLE=1 TTT_PROTOCOL=score_first TTT_SCOPE=global TTT_EPOCHS=0 TTT_LR=0.002 TTT_MOMENTUM=0.9 TTT_CHUNK_TOKENS=32768 TTT_PARAM_PATTERNS=ve_layer_scales XSA_LAST_N=9 EVAL_STRIDE=64 EMA_ENABLED=1 WARMDOWN_ITERS=3500	Candidate branch fixing the shared VE bridge amplitude and leaving only local `ve_layer_scales` on layer 8 as the score-first surface. Logs confirm ve:enabled=True dim:12 active_layers:[8] shared_scale:fixed0.1001, matched_params=1, adapted_chunks=0, update_steps=0, and stride_active=1. Final post-quant val_bpb lands at 1.17353119 with a valid 15967622-byte artifact, improving best r64 by 0.00012989 and the older VE anchor r76 by 0.00041430, so the branch earns promotion and becomes the new reference before the matched adapting 1-param VE probe.
356fc32	2.12725907	15975943	yes	discard	TTT_ENABLE=1 TTT_PROTOCOL=score_first TTT_SCOPE=global TTT_EPOCHS=1 TTT_LR=0.002 TTT_MOMENTUM=0.9 TTT_CHUNK_TOKENS=32768 TTT_PARAM_PATTERNS=ve_layer_scales VE_ENABLED=1 VE_DIM=12 VE_LAYERS=8 XSA_LAST_N=9 EVAL_STRIDE=64 EMA_ENABLED=1 WARMDOWN_ITERS=3500 GRAD_CLIP_NORM=1.0	Matched adapting 1-param VE local-only probe on promoted `356fc32`; logs confirm real legal adaptation twice on `ve_layer_scales` with matched_params=1, adapted_chunks=1892, update_steps=968704, and stride_active=1, but pre-quant already collapses to 2.1168 and final post-quant lands at 2.12725907, which is 0.95372788 worse than promoted r78 while staying valid at 15975943 bytes with only 24057 bytes of headroom, so the exact plain-SGD local-only VE line is closed and the next cycle should pivot to a code-changing clipped/log-parameterized VE update or another bank-local adaptive surface.
1bd7c9b	1.17309950	15968741	yes	promote	code: delta-clipped TTT updates; VE_ENABLED=1 VE_DIM=12 VE_LAYERS=8 TTT_ENABLE=1 TTT_PROTOCOL=score_first TTT_SCOPE=global TTT_EPOCHS=0 TTT_LR=0.002 TTT_MOMENTUM=0.9 TTT_CHUNK_TOKENS=32768 TTT_PARAM_PATTERNS=ve_layer_scales TTT_DELTA_BUDGET_RATIO=0.10 XSA_LAST_N=9 EVAL_STRIDE=64 EMA_ENABLED=1 WARMDOWN_ITERS=3500	Candidate branch clamps cumulative TTT parameter delta norm relative to the initial values while keeping the 1-param local `ve_layer_scales` surface unchanged. Logs confirm `delta_budget_ratio:0.100` together with matched_params=1, adapted_chunks=0, update_steps=0, stride_active=1, active_layers:[8], and xsa:last_n:9; the final post-quant val_bpb lands at 1.17309950 with a valid 15968741-byte artifact, improving promoted r78 by 0.00043169 and best old r64 by 0.00056158, so the branch is promoted and becomes the new reference before the matched adapting delta-clipped follow-up.
1bd7c9b	2.13337643	15980955	yes	discard	TTT_ENABLE=1 TTT_PROTOCOL=score_first TTT_SCOPE=global TTT_EPOCHS=1 TTT_LR=0.002 TTT_MOMENTUM=0.9 TTT_CHUNK_TOKENS=32768 TTT_PARAM_PATTERNS=ve_layer_scales VE_ENABLED=1 VE_DIM=12 VE_LAYERS=8 TTT_DELTA_BUDGET_RATIO=0.10 XSA_LAST_N=9 EVAL_STRIDE=64 EMA_ENABLED=1 WARMDOWN_ITERS=3500 GRAD_CLIP_NORM=1.0	Matched adapting delta-clipped local-only VE probe on promoted `1bd7c9b`; logs confirm real legal adaptation with matched_params=1, adapted_chunks=1892, update_steps=968704, stride_active=1, delta_budget_ratio=0.100, active_layers:[8], and xsa:last_n:9. Pre-quant already collapses to 2.1225 and the final post-quant int8+zlib roundtrip lands at 2.13337643 with a valid 15980955-byte artifact, which is 0.96027693 worse than matched r80 and the prior best global. This closes the exact delta-clipped env-only VE adapting line; the next branch should pivot to log-parameterized VE updates, learned update-scale/clamp surfaces, or bank-local adaptive matrices rather than another identical env-only rerun.
69e8be8	1.17333784	15966165	yes	anchor	code: log-parameterized VE local-only layer scale; VE_ENABLED=1 VE_DIM=12 VE_LAYERS=8 TTT_ENABLE=1 TTT_PROTOCOL=score_first TTT_SCOPE=global TTT_EPOCHS=0 TTT_LR=0.002 TTT_MOMENTUM=0.9 TTT_CHUNK_TOKENS=32768 TTT_PARAM_PATTERNS=ve_layer_scales TTT_DELTA_BUDGET_RATIO=0.10 XSA_LAST_N=9 EVAL_STRIDE=64 EMA_ENABLED=1 WARMDOWN_ITERS=3500	Candidate branch reparameterizing the 1-param local `ve_layer_scales` surface in log-space while keeping the delta-clipped score-first harness unchanged. Logs confirm `scale_mode:log_exp` together with matched_params=1, adapted_chunks=0, update_steps=0, stride_active=1, active_layers:[8], and xsa:last_n:9. Pre-quant improves to 1.1661 and the artifact shrinks to 15966165 bytes, but the final post-quant int8+zlib roundtrip lands at 1.17333784, which is 0.00023834 worse than promoted r80 despite 2576 fewer bytes, so the branch stays unmerged while earning one matched adapting follow-up.
69e8be8	2.10794132	15975850	yes	discard	code: log-parameterized VE local-only layer scale; TTT_ENABLE=1 TTT_PROTOCOL=score_first TTT_SCOPE=global TTT_EPOCHS=1 TTT_LR=0.002 TTT_MOMENTUM=0.9 TTT_CHUNK_TOKENS=32768 TTT_PARAM_PATTERNS=ve_layer_scales VE_ENABLED=1 VE_DIM=12 VE_LAYERS=8 TTT_DELTA_BUDGET_RATIO=0.10 XSA_LAST_N=9 EVAL_STRIDE=64 EMA_ENABLED=1 WARMDOWN_ITERS=3500 GRAD_CLIP_NORM=1.0	Matched adapting follow-up on `candidate/mar27/ve-logscale-l8-d12` with log-parameterized local-only VE updates; logs confirm `scale_mode:log_exp`, matched_params=1, adapted_chunks=1892, update_steps=968704, stride_active=1, and delta_budget_ratio=0.100. Pre-quant already collapses to 2.0941, and the final post-quant int8+zlib roundtrip lands at 2.10794132 with a valid 15975850-byte artifact, which is +0.93460348 vs r82 and +0.93484182 vs the promoted best r80. This closes the exact log-param local-only VE adapting line; the next cycle should pivot to a learned update-scale/clamp or tiny bank-local adaptive matrix rather than another identical env-only rerun.
96ad3a5	1.17430575	15966809	yes	anchor	code: learned bounded VE update gain; VE_ENABLED=1 VE_DIM=12 VE_LAYERS=8 TTT_ENABLE=1 TTT_PROTOCOL=score_first TTT_SCOPE=global TTT_EPOCHS=0 TTT_LR=0.002 TTT_MOMENTUM=0.9 TTT_CHUNK_TOKENS=32768 TTT_PARAM_PATTERNS=ve_layer_scales TTT_DELTA_BUDGET_RATIO=0.10 XSA_LAST_N=9 EVAL_STRIDE=64 EMA_ENABLED=1 WARMDOWN_ITERS=3500	Candidate branch adds a bounded learned per-layer update gain on the 1-param local VE surface while keeping `ve_layer_scales` as the only TTT write target. Logs confirm `update_gain_mode:bounded_sigmoid`, `ve:update_gains_final:1.5643`, matched_params=1, adapted_chunks=0, update_steps=0, and stride_active=1. Pre-quant lands at 1.1666 and the final int8+zlib roundtrip at 1.17430575 with a valid 15966809-byte artifact, which is +0.00120625 vs promoted r80 and +0.00096791 vs log-param anchor r82, so the branch stays archived but remains near-baseline enough to justify one matched adapting follow-up next cycle.
96ad3a5	2.09894104	15977526	yes	discard	code: learned bounded VE update gain; TTT_ENABLE=1 TTT_PROTOCOL=score_first TTT_SCOPE=global TTT_EPOCHS=1 TTT_LR=0.002 TTT_MOMENTUM=0.9 TTT_CHUNK_TOKENS=32768 TTT_PARAM_PATTERNS=ve_layer_scales VE_ENABLED=1 VE_DIM=12 VE_LAYERS=8 TTT_DELTA_BUDGET_RATIO=0.10 XSA_LAST_N=9 EVAL_STRIDE=64 EMA_ENABLED=1 WARMDOWN_ITERS=3500 GRAD_CLIP_NORM=1.0	Matched adapting follow-up on `candidate/mar27/ve-learned-updategain-l8-d12`; logs confirm `update_gain_mode:bounded_sigmoid`, `ve:update_gains_final:1.5281`, matched_params=1, adapted_chunks=1892, update_steps=968704, and stride_active=1. Pre-quant lands at 2.0861 and the final post-quant int8+zlib roundtrip lands at 2.09894104 with a valid 15977526-byte artifact, which is +0.92463529 vs matched r84 and +0.92584154 vs promoted r80, even though it is 0.00900028 better than r83. This closes the exact learned-gain local-only VE adapting line and the next cycle should pivot to a tiny bank-local adaptive matrix or a competitor-inspired parallel-residual/lane-mix self-learning surface rather than another scalar-only VE rerun.
27e90a9	1.17483713	15975633	yes	anchor	code: tiny bank-local matrix surface; TTT_ENABLE=1 TTT_PROTOCOL=score_first TTT_SCOPE=global TTT_EPOCHS=0 TTT_LR=0.002 TTT_MOMENTUM=0.9 TTT_CHUNK_TOKENS=32768 TTT_PARAM_PATTERNS=blocks.8.bank_local_matrix. VE_ENABLED=1 VE_DIM=12 VE_LAYERS=8 BLM_ENABLED=1 BLM_BANKS=4 BLM_RANK=4 BLM_LAYERS=8 TTT_DELTA_BUDGET_RATIO=0.10 XSA_LAST_N=9 EVAL_STRIDE=64 EMA_ENABLED=1 WARMDOWN_ITERS=3500	Candidate branch adds a tiny 4-bank rank-4 late `bank_local_matrix` lane on layer 8 and uses it as the only score-first TTT surface on top of the promoted VE/XSA substrate. Logs confirm `blm:enabled=True banks:4 rank:4 requested_layers:8 active_layers:[8]`, `matched_params=4096`, `adapted_chunks=0`, `update_steps=0`, `stride_active=1`, and `xsa:last_n:9`; pre-quant lands at 1.1674 and the final post-quant int8+zlib roundtrip lands at 1.17483713 with a valid 15975633-byte artifact, which is +0.00173763 vs promoted r80. The branch stays unmerged, but the richer surface clears the no-update legality/size gate and earns one matched adapting follow-up next cycle before any lane-mix pivot.
27e90a9	2.05450762	15989170	yes	discard	code: tiny bank-local matrix surface; TTT_ENABLE=1 TTT_PROTOCOL=score_first TTT_SCOPE=global TTT_EPOCHS=1 TTT_LR=0.002 TTT_MOMENTUM=0.9 TTT_CHUNK_TOKENS=32768 TTT_PARAM_PATTERNS=blocks.8.bank_local_matrix. VE_ENABLED=1 VE_DIM=12 VE_LAYERS=8 BLM_ENABLED=1 BLM_BANKS=4 BLM_RANK=4 BLM_LAYERS=8 TTT_DELTA_BUDGET_RATIO=0.10 XSA_LAST_N=9 EVAL_STRIDE=64 EMA_ENABLED=1 WARMDOWN_ITERS=3500 GRAD_CLIP_NORM=1.0	Matched adapting follow-up on `candidate/mar27/tiny-bank-local-matrix-l8`; logs confirm `blm:enabled=True banks:4 rank:4 requested_layers:8 active_layers:[8]`, `matched_params=4096`, `adapted_chunks=1892`, `update_steps=968704`, and `stride_active=1`. Pre-quant already collapses to 2.0418 and the final post-quant int8+zlib roundtrip lands at 2.05450762 with a valid 15989170-byte artifact, which is +0.87967049 vs matched r86 and +0.88140812 vs promoted r80. This closes the exact bank-local matrix adapting line; the next cycle should pivot to `candidate/mar27/parallel-residual-lanemix` anchor-first rather than another env-only BLM retry.
884d7d7	1.17159825	15971486	yes	promote	code: late-layer parallel residual lane mix; VE_ENABLED=1 VE_DIM=12 VE_LAYERS=8 LANEMIX_ENABLED=1 LANEMIX_LAYERS=8 LANEMIX_INIT_GAIN=0.05 TTT_ENABLE=1 TTT_PROTOCOL=score_first TTT_SCOPE=global TTT_EPOCHS=0 TTT_LR=0.002 TTT_MOMENTUM=0.9 TTT_CHUNK_TOKENS=32768 TTT_PARAM_PATTERNS=lane_mix TTT_DELTA_BUDGET_RATIO=0.10 XSA_LAST_N=9 EVAL_STRIDE=64 EMA_ENABLED=1 WARMDOWN_ITERS=3500	Candidate branch adds a tiny late-layer parallel-residual `lane_mix` surface on block 8 and uses the 3-parameter `lane_mix` target as the score-first anchor surface. Logs confirm `lanemix:enabled=True requested_layers:8 active_layers:[8]`, `matched_params=3`, `adapted_chunks=0`, `update_steps=0`, `stride_active=1`, and `xsa:last_n:9`; pre-quant lands at 1.1653 and the final post-quant int8+zlib roundtrip lands at 1.17159825 with a valid 15971486-byte artifact, improving promoted r80 by 0.00150125. The candidate earns promotion and becomes the new reference before one matched adapting lane-mix follow-up.
884d7d7	2.09630532	15984335	yes	discard	TTT_ENABLE=1 TTT_PROTOCOL=score_first TTT_SCOPE=global TTT_EPOCHS=1 TTT_LR=0.0005 TTT_MOMENTUM=0.9 TTT_CHUNK_TOKENS=32768 TTT_PARAM_PATTERNS=lane_mix VE_ENABLED=1 VE_DIM=12 VE_LAYERS=8 LANEMIX_ENABLED=1 LANEMIX_LAYERS=8 LANEMIX_INIT_GAIN=0.05 TTT_DELTA_BUDGET_RATIO=0.10 XSA_LAST_N=9 EVAL_STRIDE=64 EMA_ENABLED=1 WARMDOWN_ITERS=3500 GRAD_CLIP_NORM=1.0	Matched adapting follow-up on promoted `884d7d7` with lower-LR score-first updates on the exact 3-parameter `lane_mix` surface. Logs confirm real legal adaptation twice (`matched_params=3`, `adapted_chunks=1892`, `update_steps=968704`, `stride_active=1`, `xsa:last_n:9`), but pre-quant already collapses to 2.0853 and the final post-quant int8+zlib roundtrip lands at 2.09630532 with a valid 15984335-byte artifact, which is +0.92470707 vs promoted r88 while leaving only 15665 bytes of headroom. This closes the exact plain-SGD low-LR lane-mix adapting line; the next cycle should spend at most one paired late `q_gain+lane_mix` probe or pivot to `candidate/mar27/recur-gate-selflearn` anchor-first.
884d7d7	1.17093579	15975950	yes	promote	TTT_ENABLE=1 TTT_PROTOCOL=score_first TTT_SCOPE=global TTT_EPOCHS=0 TTT_LR=0.0005 TTT_MOMENTUM=0.9 TTT_CHUNK_TOKENS=32768 TTT_PARAM_PATTERNS=q_gain,lane_mix VE_ENABLED=1 VE_DIM=12 VE_LAYERS=8 LANEMIX_ENABLED=1 LANEMIX_LAYERS=8 LANEMIX_INIT_GAIN=0.05 TTT_DELTA_BUDGET_RATIO=0.10 XSA_LAST_N=9 EVAL_STRIDE=64 EMA_ENABLED=1 WARMDOWN_ITERS=3500 GRAD_CLIP_NORM=1.0	Paired late `q_gain+lane_mix` no-update anchor on promoted `884d7d7`; logs confirm `matched_params=75`, `adapted_chunks=0`, `update_steps=0`, `stride_active=1`, and `xsa:last_n:9` with the intended lane-mix marker still active. Pre-quant lands at `1.1640`, the final post-quant int8+zlib roundtrip at `1.17093579`, and the artifact at a valid `15975950` bytes, improving promoted `r88` by `0.00066246` while leaving `24050` bytes of headroom. This becomes the new promoted reference before exactly one matched adapting `q_gain+lane_mix` follow-up.
41cc8a3	1.17002954	15986864	yes	promote	code: late-layer recurrence gate surface; TTT_ENABLE=1 TTT_PROTOCOL=score_first TTT_SCOPE=global TTT_EPOCHS=0 TTT_LR=0.0005 TTT_MOMENTUM=0.9 TTT_CHUNK_TOKENS=32768 TTT_PARAM_PATTERNS=recur VE_ENABLED=1 VE_DIM=12 VE_LAYERS=8 LANEMIX_ENABLED=1 LANEMIX_LAYERS=8 LANEMIX_INIT_GAIN=0.05 RECUR_ENABLED=1 RECUR_LAYERS=8 RECUR_INIT_GAIN=0.05 TTT_DELTA_BUDGET_RATIO=0.10 XSA_LAST_N=9 EVAL_STRIDE=64 EMA_ENABLED=1 WARMDOWN_ITERS=3500 GRAD_CLIP_NORM=1.0	Candidate branch adds a tiny late-layer recurrence gate surface on block 8 and uses it as the only score-first TTT target on top of the promoted VE/XSA/lane-mix substrate. Logs confirm the intended recurrence marker is live (`recur:final active_layers:[8] summary:8:mean_abs=0.6335|max_abs=1.0000|gain=2.0749`) together with `matched_params=513`, `adapted_chunks=0`, `update_steps=0`, `stride_active=1`, and `xsa:last_n:9`. Pre-quant lands at `1.1635` and the final post-quant int8+zlib roundtrip at `1.17002954` with a valid `15986864`-byte artifact, improving promoted `r90` by `0.00090625` while keeping `13136` bytes of headroom. The branch earns promotion and the next cycle should spend exactly one matched adapting recurrence probe before reopening older fallback surfaces.
41cc8a3	2.10705140	15990957	yes	discard	TTT_ENABLE=1 TTT_PROTOCOL=score_first TTT_SCOPE=global TTT_EPOCHS=1 TTT_LR=0.0005 TTT_MOMENTUM=0.9 TTT_CHUNK_TOKENS=32768 TTT_PARAM_PATTERNS=recur VE_ENABLED=1 VE_DIM=12 VE_LAYERS=8 LANEMIX_ENABLED=1 LANEMIX_LAYERS=8 LANEMIX_INIT_GAIN=0.05 RECUR_ENABLED=1 RECUR_LAYERS=8 RECUR_INIT_GAIN=0.05 TTT_DELTA_BUDGET_RATIO=0.10 XSA_LAST_N=9 EVAL_STRIDE=64 EMA_ENABLED=1 WARMDOWN_ITERS=3500 GRAD_CLIP_NORM=1.0	Matched adapting follow-up on promoted `41cc8a3` with the exact recurrence surface. Logs confirm real legal adaptation (`matched_params=513`, `adapted_chunks=1892`, `update_steps=968704`, `stride_active=1`, `xsa:last_n:9`) and preserve the intended recurrence marker (`recur:final active_layers:[8] summary:8:mean_abs=0.6389|max_abs=1.0000|gain=1.8943`). Pre-quant already collapses to `2.0911`, and the final post-quant int8+zlib roundtrip lands at `2.10705140` with a valid `15990957`-byte artifact, which is `+0.93702186` vs promoted `r91`. This closes the exact low-LR recurrence adapting line on promoted `41cc8a3`; the next cycle must pivot to a bounded late-layer `q_gain` plain bridge rather than another env-only recurrence retry.
4090692	1.17219573	15998527	yes	discard	code: bounded late-layer q_gain bridge; TTT_ENABLE=0 VE_ENABLED=1 VE_DIM=12 VE_LAYERS=8 LANEMIX_ENABLED=1 LANEMIX_LAYERS=8 LANEMIX_INIT_GAIN=0.05 RECUR_ENABLED=1 RECUR_LAYERS=8 RECUR_INIT_GAIN=0.05 XSA_LAST_N=9 EVAL_STRIDE=64 EMA_ENABLED=1 WARMDOWN_ITERS=3500 GRAD_CLIP_NORM=1.0 QK_BRIDGE_ENABLED=1 QK_BRIDGE_LAYERS=8 QK_BRIDGE_TARGET=5.25 QK_BRIDGE_INIT=0.0	Candidate branch `candidate/mar27/qk-gain-bridge-l8` adds a bounded late-layer `q_gain` bridge on block 8 and keeps the first full run plain (`TTT_ENABLE=0`) on the promoted VE/XSA + lane-mix + recurrence substrate. Logs confirm the bridge trained materially (`qgain_bridge:final ... mix=0.7616|base_mean=2.0762|eff_mean=4.4933|eff_min=4.1288|eff_max=4.9780`) while preserving the intended routing markers (`lanemix:final ... gain=25.7094`, `recur:final ... gain=3.6027`); pre-quant lands at `1.1647` and the final post-quant int8+zlib roundtrip at `1.17219573` with a valid `15998527`-byte artifact, which is `+0.00216619` vs promoted `r91` while leaving only `1473` bytes of headroom. The branch stays archived and earns one matched score-first no-update anchor on the same bridge before any adapting claim.
4090692	1.17182780	16001342	no	anchor	code: bounded late-layer q_gain bridge; TTT_ENABLE=1 TTT_PROTOCOL=score_first TTT_SCOPE=global TTT_EPOCHS=0 TTT_LR=0.0005 TTT_MOMENTUM=0.9 TTT_CHUNK_TOKENS=32768 TTT_PARAM_PATTERNS=q_gain TTT_DELTA_BUDGET_RATIO=0.10 VE_ENABLED=1 VE_DIM=12 VE_LAYERS=8 LANEMIX_ENABLED=1 LANEMIX_LAYERS=8 LANEMIX_INIT_GAIN=0.05 RECUR_ENABLED=1 RECUR_LAYERS=8 RECUR_INIT_GAIN=0.05 XSA_LAST_N=9 EVAL_STRIDE=64 EMA_ENABLED=1 WARMDOWN_ITERS=3500 GRAD_CLIP_NORM=1.0 QK_BRIDGE_ENABLED=1 QK_BRIDGE_LAYERS=8 QK_BRIDGE_TARGET=5.25 QK_BRIDGE_INIT=0.0	Matched score-first no-update anchor on `candidate/mar27/qk-gain-bridge-l8`; logs confirm the intended no-update harness (`matched_params=73`, `adapted_chunks=0`, `update_steps=0`, `stride_active=1`) together with a trained final bridge marker (`qgain_bridge:final ... mix=0.7638|base_mean=1.8498|eff_mean=4.4470|eff_min=4.1318|eff_max=4.8469`). Pre-quant lands at `1.1645` and the final post-quant int8+zlib roundtrip improves the plain bridge `r93` by `0.00036793` to `1.17182780`, but the artifact reaches `16001342` bytes, which is `1342` bytes over the limit and still `+0.00179826` vs promoted `r91`. The exact broad `q_gain` anchor path is therefore size-closed and the branch stays archived.
4090692	1.17298435	15994452	yes	anchor	code: bounded late-layer q_gain bridge; TTT_ENABLE=1 TTT_PROTOCOL=score_first TTT_SCOPE=global TTT_EPOCHS=0 TTT_LR=0.0005 TTT_MOMENTUM=0.9 TTT_CHUNK_TOKENS=32768 TTT_PARAM_PATTERNS=q_gain TTT_DELTA_BUDGET_RATIO=0.10 VE_ENABLED=1 VE_DIM=12 VE_LAYERS=8 LANEMIX_ENABLED=1 LANEMIX_LAYERS=8 LANEMIX_INIT_GAIN=0.05 RECUR_ENABLED=1 RECUR_LAYERS=8 RECUR_INIT_GAIN=0.05 XSA_LAST_N=9 EVAL_STRIDE=64 EMA_ENABLED=1 WARMDOWN_ITERS=3500 GRAD_CLIP_NORM=1.0 QK_BRIDGE_ENABLED=1 QK_BRIDGE_LAYERS=8 QK_BRIDGE_TARGET=4.75 QK_BRIDGE_INIT=0.0	Candidate branch `candidate/mar27/qk-gain-bridge-l8` reruns the matched no-update score-first harness with a tighter late-layer `q_gain` bridge target of `4.75` to recover size. Logs confirm the harness stays legal (`matched_params=73`, `adapted_chunks=0`, `update_steps=0`, `stride_active=1`) and the final bridge marker moves to `mix=0.8242|base_mean=2.7534|eff_mean=4.3990|eff_min=3.8289|eff_max=4.9883`. Pre-quant lands at `1.1649`, the final post-quant int8+zlib roundtrip at `1.17298435`, and the artifact at a valid `15994452` bytes, recovering `6890` bytes versus invalid `r94` and `4075` versus `r93` but giving back `0.00115655` bpb versus `r94`, `0.00078862` versus `r93`, and `0.00295481` versus promoted `r91`. The branch stays archived; the next cycle should try one interpolation-style anchor (`QK_BRIDGE_TARGET≈5.0` and/or colder init) or narrow the `q_gain` write surface before any adapting claim.
